Type,Emissions
Dairy cow gases,811.9888535474453
Sheep gases,1043.985668846715
Other cattle gases,1159.98407649635
Other,2281.30201710949